[
    {
        "type": "dps_event",
        "description": "UWU",
        "date": "2025-11-24T10:00",
        "id": "3779bb35-01f6-41b9-886a-08454f4fc273"
    },
    {
        "type": "visit_specialist",
        "description": "csa",
        "date": "2025-12-22T12:12",
        "id": "ddd9124c-8d65-4370-b9d1-1f8d0c43e9a6"
    },
    {
        "type": "visit_specialist",
        "description": "ad",
        "person": "A S",
        "date": "2025-12-22T03:59",
        "id": "1e5695e9-0041-41b3-ae3e-7c56c9b347f9"
    }
]